[
{"location": "271 Brackett St #2, Portland, ME 04102", "price": "$2,145/mo"},
{"location": "15 Canco Rd, Portland, ME 04103", "price": "$2,095/mo"},
{"location": "69 Myrtle St #2, Westbrook, ME 04092", "price": "$2,500/mo"},
{"location": "290 Baxter Blvd APT G3, Portland, ME 04101", "price": "$3,500/mo"},
{"location": "(undisclosed Address), Portland, ME 04103", "price": "$5,500/mo"},
{"location": "202 Park Ave APT 3, Portland, ME 04102", "price": "$2,450/mo"},
{"location": "148 Breakwater Dr, South Portland, ME", "price": "$1,375+"},
{"location": "121 Bucknam Rd, Falmouth, ME 04105", "price": "$3,500/mo"},
{"location": "5 Merrill St, Portland, ME 04101", "price": "$6,000/mo"},
{"location": null, "price": null}
]